Transaction_ID,Account_Number,Customer_ID,Transaction_Date,Transaction_Type,Transaction_Amount,Currency,Balance_After_Transaction,Transaction_Mode,Transaction_Status,Branch_Code,Transaction_Description,Category,Merchant_Name,Location,Fee_Charged,Fraud_Flag,Device_ID
21947f31-c269-478c-9cd2-809bc6f02745,TWHG51841327914899,c1a1fc5c-0762-4347-bacd-0df2aa4f4148,2025-05-05 18:41:53,Payment,76478.72,INR,1296.72,Online,Success,BAN-2,Threat before sister relationship door policy economy.,Travel,"Kirk, Miller and Vaughn",Bangalore,156.02,True,ATM
f021847f-b9d6-4698-a962-99e88373f17f,BUDK96066378668617,6f1637f4-89a8-49de-a5d9-17dd83091096,2025-05-01 08:26:14,Deposit,99869.24,INR,318920.35,Online,Failed,BAN-2,Include situation reason make particularly officer price answer.,Travel,Simmons-Suarez,Bangalore,157.81,True,Mobile
7f5bd79e-b6d7-404d-ac2e-e0e6ae71742f,NRPO76949307830088,10542574-9a62-4bc2-a246-63c0b12c4487,2025-05-05 07:23:52,Transfer,53698.34,INR,14230.32,Mobile,Pending,BAN-2,Region whole just feel.,EMI,"Taylor, Gonzalez and Joseph",Bangalore,392.98,True,Desktop
8aa29d4f-c84b-447c-b0db-7c6230cfef54,MMPH83064347544381,aee29fc8-e664-4072-ac5a-eaa8b5d360f3,2025-05-03 21:05:42,Transfer,34354.12,INR,101351.94,Card,Success,BAN-2,View brother professor fine rule.,EMI,"Jacobs, Campbell and Dixon",Bangalore,96.38,True,Desktop
cc376295-745a-4b15-b09f-a65fec94050f,WMME06447044703383,c621b141-063f-4b31-a10c-15fa1a605f52,2025-05-03 06:53:33,Transfer,32875.93,INR,39201.12,Online,Success,BAN-2,Watch sea back full word ten spring.,EMI,Garza-Chavez,Bangalore,295.31,True,Desktop
60652fbb-79f7-4b6b-88d3-779f945f3047,CDTP39180284339706,8285bf2f-b33f-4dfd-97d7-46a243627c77,2025-05-05 12:37:51,Deposit,14277.82,INR,52337.62,Mobile,Success,BAN-2,Note film street wind.,Entertainment,Martin-Oconnor,Bangalore,240.22,False,POS
f928a5a1-0fab-4890-a442-779372c01418,YDLR67771800780184,727fb409-5f3e-4f43-ab62-42bb73461e83,2025-05-02 12:45:21,Transfer,62723.71,INR,155586.44,Card,Failed,BAN-2,No unit hundred.,EMI,Ramos LLC,Bangalore,449.69,False,ATM
3af6f8de-4106-4be9-84a9-aa52d2ee4f07,AESS21177717110885,be20bf25-b993-4888-b1cd-357d19d66721,2025-05-02 01:35:26,Deposit,26497.97,INR,460889.46,Cash,Pending,BAN-2,Follow seem others.,Shopping,"Jenkins, Morgan and Yang",Bangalore,102.08,True,Mobile
ee612348-cfd5-430a-adb4-1bde409cf2d1,RERO39706682909041,a6e8e25e-daed-47d6-a26a-563440ec4d46,2025-05-05 13:07:40,Transfer,29827.63,INR,154316.01,Online,Failed,BAN-2,Perhaps low moment a picture why old.,Groceries,"Buckley, Kim and Bryant",Bangalore,437.69,False,POS
fbeb16b2-54fb-4db2-b4cd-033a04458c23,DQBD85344855271714,8e0d2d61-1315-4292-a10b-e5bb1b53042c,2025-05-04 15:03:24,Withdrawal,1252.15,INR,54122.85,Mobile,Pending,BAN-2,Figure rock especially walk company.,Entertainment,Wood PLC,Bangalore,128.26,False,Mobile
8fc3957d-c21d-4832-a926-d39f62b2d62e,WMUL59657396182114,e5f216f6-5eb5-4f44-8792-c8c92babf05a,2025-05-01 08:50:36,Payment,26731.57,INR,218217.21,Card,Pending,BAN-2,Care speech yeah identify.,Entertainment,Kline LLC,Bangalore,185.86,True,Desktop
c0ada218-0603-4543-98e9-dcfd28622ca1,TWWS99911201651374,fdcd775a-658c-400d-a592-e5186371f76e,2025-05-01 16:05:01,Deposit,68065.99,INR,485102.07,Cheque,Pending,BAN-2,Movement century serve.,Salary,"Noble, Martin and Simpson",Bangalore,464.3,False,POS
27b6894b-34c9-45d7-bf8e-f267fd5f74a6,OKVB98605521840349,e1f59016-170c-4bdc-a195-2cf93c301276,2025-05-01 17:52:59,Transfer,96081.49,INR,377151.99,Online,Success,BAN-2,Message off design of baby which see.,Travel,Taylor-Smith,Bangalore,427.32,True,ATM
adf57890-402c-4386-b790-2b4b0e905815,TDLV32129944714022,6647af5e-96b6-4fa5-8707-04da8f7dca5a,2025-05-04 09:31:03,Deposit,30951.06,INR,422638.23,Online,Success,BAN-2,Natural real traditional forward.,Groceries,Sullivan Ltd,Bangalore,122.67,True,Mobile
8aeb47f7-6e0c-4723-a52f-8d5ff29be016,SGTP44014555555000,b682f8be-5a3c-4924-b70d-0bba22761703,2025-05-01 16:51:08,Payment,27025.04,INR,85976.13,Online,Success,BAN-2,Hour word several indicate couple.,Travel,"Sanders, Pruitt and Mitchell",Bangalore,273.12,False,Desktop
e189af45-a0e8-4f70-a6cf-e96da0d48aa1,FKVR42897480199190,605f3e50-b033-4951-a5c0-b96a77850687,2025-05-04 06:46:36,Payment,78756.53,INR,59650.71,Online,Pending,BAN-2,Which nice end ever necessary ability American.,Groceries,"Robbins, Oconnell and Ramirez",Bangalore,399.38,True,Desktop
c2f4c812-6b57-49aa-9f74-2998026a9936,TFPO85929300808648,1c6d2525-6b9f-4e51-a9ae-4f10de639a96,2025-05-04 11:39:49,Deposit,66900.19,INR,149013.57,Cheque,Failed,BAN-2,Yes road standard throw like black crime.,Entertainment,"Morris, Quinn and Camacho",Bangalore,340.18,False,Desktop
31ee3410-d0d1-4dff-8bb7-290f50f3452a,WJYS43618811894745,cb9bb2de-d82d-4040-823b-a7d577bd28a5,2025-05-02 04:03:02,Transfer,7645.24,INR,324392.51,Card,Failed,BAN-2,Indicate practice site population.,Travel,Porter-Sandoval,Bangalore,326.33,True,Mobile
56354a93-6049-41a1-8306-1b6ab8f71c2a,XZGE22441743539918,a2bfc29c-1644-47a2-ba5d-1f9be65ee273,2025-05-05 07:22:47,Deposit,47645.37,INR,3008.11,Cash,Success,BAN-2,Could true car seven executive.,EMI,Campos Group,Bangalore,421.07,True,Mobile
a2763156-0e85-41b3-9829-2cc34278271f,NYKX73352122625021,b23c37b6-b41d-4065-a6fd-05bfa3ac0518,2025-05-02 07:12:20,Withdrawal,29007.03,INR,4122.28,Cash,Failed,BAN-2,Eight particularly Mr common behind necessary.,Groceries,Morris-Henderson,Bangalore,448.66,True,ATM
2cdd9eb0-c096-48c4-8ea3-5b96de05c6d6,EWTS19061115925319,a380df5c-27d5-4431-879b-c3fd0829e0c5,2025-05-03 16:25:58,Refund,68982.41,INR,446750.65,Cash,Pending,BAN-2,Through type trade throughout.,Entertainment,Hawkins-Chang,Bangalore,128.41,False,POS
9f5a58ac-493c-423f-b061-7cbc31b04b43,BTUH70236582706158,6a0f7e56-afce-411f-9914-d43417f4c740,2025-05-04 05:40:23,Deposit,19896.43,INR,33130.93,Cash,Success,BAN-2,Nice fight nothing foreign opportunity.,Utility,"Roman, Lara and Larson",Bangalore,201.59,True,Desktop
8f85061c-bed1-41c7-89bb-8f90141cfbbe,KJZM08724875980151,b0772226-1bf1-41f2-84fc-99c8e914d861,2025-05-07 22:12:20,Payment,87939.32,INR,334323.17,Cheque,Failed,BAN-2,Answer cut safe.,EMI,"Jenkins, Hall and Williams",Bangalore,291.76,False,ATM
df6e5683-2e7c-4d37-9c59-ba8478c0ab6b,GQOM85390435544154,ad9c6b24-e2f9-4852-af0f-38298e627239,2025-05-07 16:28:03,Deposit,39831.59,INR,369573.3,Cheque,Failed,BAN-2,Daughter why minute.,Salary,"Williams, Conner and Alexander",Bangalore,425.72,True,Desktop
26c967ce-5bc5-41ff-83d9-35c092d0fbcd,CHUQ15048263207838,8f3a2e35-257b-4d5d-b6e4-6d2060e3c279,2025-05-04 10:00:51,Deposit,123.82,INR,6619.36,Cheque,Success,BAN-2,Unit leader finally return war image.,Entertainment,Vazquez LLC,Bangalore,346.88,False,Mobile
1419bf29-4924-485b-94de-73b6818560b3,MMVE58597720824189,def9442b-0a43-4c95-b8dc-1214acf439d6,2025-05-04 09:28:12,Refund,92773.33,INR,472008.73,Online,Failed,BAN-2,To watch together activity involve car.,Salary,"Rogers, Mathis and Morgan",Bangalore,35.41,True,POS
5e61dd6a-573a-4a99-89df-2234269f9ba1,GJPW52760907417475,29256e3c-cbd6-4f8f-99b5-89e84b32f054,2025-05-01 09:13:29,Withdrawal,25010.85,INR,235383.59,Cheque,Failed,BAN-2,Call since democratic thank say watch easy.,Shopping,Douglas Inc,Bangalore,22.0,True,Desktop
9f25f687-6224-40b1-9c67-b1813ff4dd25,OFHW82664229143750,e90e87e6-e3bc-4d5d-9e6a-b3be218f7866,2025-05-01 14:52:26,Deposit,93278.72,INR,54415.15,Cash,Pending,BAN-2,Act about phone financial technology radio position local.,EMI,Holt Group,Bangalore,424.19,False,POS
3182be9d-ee8a-4a14-84b9-47d905a32703,GJMX04479813707222,2c309c0f-1049-47eb-aab5-fa9e605bca7d,2025-05-01 10:17:38,Withdrawal,72334.92,INR,97459.76,Mobile,Success,BAN-2,Air study theory condition this.,Utility,Gomez-Estes,Bangalore,226.68,True,POS
2e8ef37d-507f-4813-a777-76a916055ccd,UVPF87384842360600,e7b7b054-e45b-47a3-9762-df076b8c221d,2025-05-06 19:16:16,Deposit,60683.36,INR,63510.34,Mobile,Pending,BAN-2,Last his light central.,Groceries,"Harris, Adams and Gonzalez",Bangalore,446.26,True,Desktop
9d64262b-256c-4d81-932c-f37169180989,VLUJ00486038784832,c5382436-a74a-4025-99b5-5ff38072e218,2025-05-07 05:18:28,Withdrawal,15818.42,INR,351827.03,Mobile,Success,BAN-2,Bring again meet.,Utility,Bryant Ltd,Bangalore,8.26,True,Mobile
2844e53f-b9e8-42bb-8110-140637e0bb4b,LDLR70870259766747,e2bc18e3-7d0c-419a-889e-f3dccdfe31cd,2025-05-03 14:36:15,Deposit,41673.95,INR,88742.43,Cheque,Pending,BAN-2,Must beautiful I talk should author.,Travel,"Holt, Edwards and Rhodes",Bangalore,375.22,True,POS
a401f793-a3f7-4788-91f7-9020e5e14e5a,BJRL35851055612117,8da802d1-2a90-46ab-839e-a3f4af3e8b4b,2025-05-03 15:28:07,Transfer,48618.01,INR,367374.92,Cheque,Success,BAN-2,People majority down ready represent.,Groceries,"Murphy, Butler and Sanchez",Bangalore,122.08,False,Mobile
d6a5c076-7276-426f-a78c-11abeefec8b1,RASY38696547334683,f6c7ff1b-c4c3-4521-842c-ac82d11732a2,2025-05-02 17:21:32,Withdrawal,62968.83,INR,255492.07,Cash,Pending,BAN-2,Dog really either.,EMI,Padilla-Lewis,Bangalore,176.07,True,POS
1d119332-9c48-4d6f-84db-e1ab96b37c1d,STFV05882870024336,8363068c-cb77-4950-be6c-f2f1bcc28fe8,2025-05-07 02:07:14,Transfer,37230.74,INR,308129.56,Card,Pending,BAN-2,Sport hour near.,Groceries,Mayer Inc,Bangalore,345.38,False,POS
e4da8555-659c-4a9d-8122-c993a95ea091,XFDM45108144089057,c1231e88-d075-4bea-956f-76a49c09d1c3,2025-05-06 16:31:25,Deposit,99967.54,INR,123449.1,Cheque,Success,BAN-2,Born pretty conference when success generation add.,Salary,Johnson-Brooks,Bangalore,141.98,True,Desktop
2290ed7e-98a0-4708-ab0a-a672de24384e,IAXW59275324258813,99f06be7-f275-4b89-b856-16aa6c7212f7,2025-05-05 17:37:15,Refund,28521.38,INR,335790.0,Online,Failed,BAN-2,Imagine wrong since.,Entertainment,Wilson LLC,Bangalore,411.22,True,Mobile
3062beaf-5951-4bb0-84e3-5c280115b150,FIDL51013365586308,036ed198-9745-4fa0-8632-4251a1fdad92,2025-05-02 02:18:04,Withdrawal,14409.9,INR,350553.13,Card,Pending,BAN-2,Everyone draw young across.,Groceries,"Schmitt, Marquez and Cantu",Bangalore,198.28,False,Mobile
fb6f5737-9956-4d8e-86db-fb741fec3d51,CQXV22777558227215,99368a9c-359d-4369-8400-c6cba6b54cb3,2025-05-03 19:12:23,Deposit,99374.3,INR,151596.77,Cash,Pending,BAN-2,Serious for threat up trouble school.,Entertainment,Bautista Inc,Bangalore,160.0,False,Desktop
346fa9fc-0a9b-4904-8291-fc54f808b95f,EAFM93515077007034,06950b44-6476-437d-9256-d679a6b52a56,2025-05-04 00:47:30,Deposit,93006.43,INR,199336.08,Card,Failed,BAN-2,Bill time southern write here.,Entertainment,"Smith, Porter and Avila",Bangalore,232.6,False,POS
17f65379-b5bf-414d-9e6e-7f39912baaa1,CCNT39323427321864,a55fe7af-fc93-456d-a068-62601739e9cb,2025-05-06 04:22:52,Deposit,29347.39,INR,242557.17,Card,Pending,BAN-2,Foreign happen politics without smile song base.,Entertainment,Leonard-Mendoza,Bangalore,108.69,True,Mobile
49f918a9-df02-4a83-9b03-8d9749701628,EQUF98828001861869,3b661f04-5521-4cd6-98b0-d8169a0a683a,2025-05-01 16:25:52,Withdrawal,32730.14,INR,124602.4,Online,Failed,BAN-2,Just activity war character government like far.,Entertainment,Copeland LLC,Bangalore,120.68,False,Desktop
33f2ec34-ef6a-4d15-bb1d-8a9b308f9ddd,ZKRB65871105536874,ba0ac1e1-f30b-495f-ad69-bfce6bb58402,2025-05-04 05:03:12,Transfer,26180.88,INR,235582.04,Online,Pending,BAN-2,Special west word ask.,EMI,"Wheeler, Williams and Delgado",Bangalore,284.46,True,Mobile
5e7dae04-22df-42db-98e8-f262c83b9de2,HFVV16821009451124,84bf1627-bf12-438d-a462-a339a6374dd2,2025-05-08 05:10:29,Deposit,18489.4,INR,75071.26,Online,Failed,BAN-2,Should this yet case star sea animal week.,Travel,Pugh and Sons,Bangalore,63.62,False,Mobile
34dcf950-b481-4f52-bc30-c7563eed65b4,TJEJ04079475650642,7fd7fd3a-d27c-480a-9714-b6209dbe9a15,2025-05-03 15:03:25,Withdrawal,64320.25,INR,263972.43,Cheque,Success,BAN-2,Cell project short plant.,Groceries,"Jennings, Pena and Wood",Bangalore,26.8,True,POS
c5b8e5d2-1865-43e9-824f-34378086ba23,AUCS94961143684046,6937efc8-e448-4afa-896c-4dc7cc0e41e6,2025-05-04 07:51:46,Transfer,76837.94,INR,83609.37,Online,Failed,BAN-2,Hit authority reduce enjoy free kid accept he.,Shopping,Barton PLC,Bangalore,194.54,False,Mobile
013270e1-5023-418b-bcdf-feb0204ccbdd,GVKU24948335210148,8516015d-f340-4e2a-8068-785d3dde634d,2025-05-01 12:14:15,Refund,59729.42,INR,393413.95,Cash,Pending,BAN-2,Both president war school rather.,EMI,Morrison-Smith,Bangalore,243.87,False,Desktop
4cfc4915-ccf3-4f22-a3a3-45c198b768a8,JZXA18621562106327,3acc1585-ea09-4e3d-b77f-cae4fff19b2f,2025-05-03 02:19:12,Transfer,31048.76,INR,242412.97,Online,Pending,BAN-2,Apply perform certain tree.,Groceries,Neal-Neal,Bangalore,409.71,False,POS
38bc3db1-542c-4faf-8cf6-fce693f978d5,TXHF82428608623875,ab3273aa-a890-4077-a636-507cc5e53d39,2025-05-05 17:53:10,Refund,5513.02,INR,53968.26,Card,Pending,BAN-2,Read within themselves statement.,EMI,"Carlson, Carrillo and James",Bangalore,288.69,True,Mobile
d4d114c9-df20-48d3-b032-e19dbf542740,FITQ80447898759904,a98b50a2-6105-4895-9aec-3703618de7c5,2025-05-03 09:47:17,Withdrawal,33321.93,INR,24539.56,Mobile,Failed,BAN-2,Alone tough wish seat hotel.,Utility,Walker Ltd,Bangalore,78.06,True,Desktop
0e08de88-e5d5-4dc6-a3c2-8865b5b3235d,EQNC25456028200021,d4be93b2-fcf5-4e04-a6cd-22d136c3e3ec,2025-05-05 00:37:03,Withdrawal,72193.31,INR,57837.39,Card,Success,BAN-2,Second better guess performance wall mind.,Entertainment,Barr-Long,Bangalore,216.31,False,POS
b9b0763d-81bc-4280-b7a1-aecd44f8280e,NREQ57932657627142,ddff024a-9f1d-49ad-a984-7c80201c4ee2,2025-05-02 23:38:17,Payment,5797.03,INR,304269.37,Online,Success,BAN-2,Middle me street tonight history either second.,Groceries,Flores LLC,Bangalore,349.61,True,Desktop
88d060f3-b8b8-4623-92c9-caa57ea01c0c,FJMU39820753445346,47106393-c850-4b40-b598-72cb37291e57,2025-05-07 01:28:34,Transfer,18130.75,INR,77668.05,Mobile,Pending,BAN-2,Pick writer worry write identify society.,Travel,Dillon-Sloan,Bangalore,489.84,False,ATM
8c4181ec-c6f9-4da6-9e44-1edd2cbbf4bc,ONTV47598002198791,5bd86155-fa10-48f7-903e-cae301fcdf02,2025-05-06 07:28:55,Deposit,28080.06,INR,164130.18,Card,Pending,BAN-2,Fund despite hotel.,Shopping,"Mercer, Morgan and Gray",Bangalore,411.83,False,Mobile
df203b01-5ff6-4772-a025-6563b0e6053b,ILWQ17700214009330,71d0c2dd-6790-4e4e-81ca-45170db71004,2025-05-02 23:16:27,Transfer,98047.12,INR,288370.03,Mobile,Success,BAN-2,Firm skill color.,Groceries,Myers Group,Bangalore,212.37,True,ATM
dfa5d6f1-6204-4146-ac53-69b9602fb14f,NKLE27488482823755,54a4735a-e198-456b-8ebe-0d432aa8b0d9,2025-05-01 11:23:05,Withdrawal,72213.24,INR,240405.33,Cheque,Pending,BAN-2,Across save under hope serious.,Shopping,Taylor-Jacobs,Bangalore,325.36,True,Desktop
00dc62c8-f887-4675-9714-dde321ef2461,LDLK47878297023133,3fea83e9-7240-418a-b164-02bb044b3875,2025-05-06 13:04:19,Payment,71964.72,INR,64193.56,Mobile,Pending,BAN-2,Per record perform law board then.,Utility,Henson and Sons,Bangalore,58.29,False,ATM
0e778da5-6cd4-4c5a-9bdf-cd6a0886fb56,VJMR18548283198945,b93137b1-a547-4e0e-bde0-c711f809518c,2025-05-04 01:22:40,Payment,94926.28,INR,449712.22,Cash,Pending,BAN-2,Question avoid walk result word military.,EMI,Best-Franklin,Bangalore,417.4,False,Mobile
1673fc9b-a62d-4e82-b749-a8619fa8ff16,GNFX32724594896144,6137c200-d496-47dd-b5bc-d49ede0495db,2025-05-01 10:53:42,Payment,44304.97,INR,152221.67,Mobile,Pending,BAN-2,Case size move value.,Travel,Edwards Ltd,Bangalore,74.81,True,Mobile
43008213-f629-40bb-996d-b4d34e7e26fc,IAYO58220022968805,aa2413de-4ebc-4610-b61f-98439303b7bc,2025-05-05 16:28:52,Deposit,19611.77,INR,77613.97,Online,Success,BAN-2,Fire animal knowledge thousand sure box left.,Salary,Larson LLC,Bangalore,346.74,True,Desktop
1040d3da-4288-4e87-9697-858144eb51bc,ZJWP78436865404728,3a731933-9363-4277-a35d-fc64af66ce22,2025-05-07 10:06:32,Transfer,98647.04,INR,84528.69,Mobile,Success,BAN-2,Treatment agency involve grow.,Entertainment,Green LLC,Bangalore,179.65,True,ATM
7804a95f-ff50-450f-ace9-14d298d94107,EUFM74884691903737,34dea0a8-e52c-46e8-bf5c-69b17ed4c7b8,2025-05-05 12:38:08,Withdrawal,49228.27,INR,245907.26,Cheque,Success,BAN-2,Page big art blood turn history test.,Travel,Costa Group,Bangalore,258.83,False,ATM
33b3192a-3e38-40aa-afff-c88500bfd466,JJFZ65282640838448,f3aa4c67-c779-485f-87ad-9a54581b8b22,2025-05-01 19:50:14,Payment,77413.57,INR,244938.0,Mobile,Failed,BAN-2,Fear open author somebody beyond ago.,Entertainment,Simpson-Keith,Bangalore,412.83,False,POS
497b0e65-eee7-49f6-8113-d62878e7da57,DQVX78915253190028,830ac018-f876-4593-89e8-d09e92f53247,2025-05-07 02:56:02,Transfer,45204.88,INR,173652.47,Cash,Success,BAN-2,Commercial happy three know sing.,Groceries,Campbell-Farley,Bangalore,375.09,False,ATM
de3d0c83-79e8-41e5-ad35-5e90e8835ad5,UNGE84527738038070,51e32be9-90fa-403e-b20b-182dd439d54e,2025-05-06 22:27:59,Payment,74834.03,INR,12276.56,Card,Failed,BAN-2,Wear push people bank most practice.,Utility,Young Ltd,Bangalore,203.5,True,ATM
c3fc1903-86a8-4cf2-a14a-31bb2eb0d4b2,VZRW05466375230521,53d3d4a7-c5d1-4075-bec9-b8fe5d1f7392,2025-05-01 15:54:15,Deposit,96273.02,INR,287149.35,Mobile,Failed,BAN-2,Down only story point.,Salary,"Moore, Brown and Vaughn",Bangalore,171.19,False,ATM
0f48ad3e-077c-4c0b-adf0-5fc73b7b90bc,EJMK67873810027168,8f2ee17b-3194-4036-9297-89a82a63494d,2025-05-04 17:56:36,Withdrawal,89872.69,INR,116544.57,Mobile,Success,BAN-2,Doctor sea data three forward suffer.,Entertainment,Kane-Joseph,Bangalore,340.54,True,Mobile
29735f59-a0e2-477d-8e4c-dd572ab682ce,CVUN05476607653245,103c3e6f-0f57-4354-8c2b-befd2faa66a4,2025-05-03 07:25:47,Withdrawal,49082.62,INR,54590.61,Cash,Failed,BAN-2,End station institution finally share.,EMI,Nelson Inc,Bangalore,257.25,True,ATM
5db3618f-061b-42ce-8e90-5c3ed39b22cd,ARMM27916270909154,1fc622a9-71a4-4afe-9ce1-08b772d2e991,2025-05-02 00:39:35,Payment,86417.14,INR,148635.15,Card,Success,BAN-2,Research executive catch late other lot.,Groceries,"Smith, Williams and Gardner",Bangalore,404.94,True,Mobile
d4ea3397-5e5a-418c-8327-613f848ec734,AYKX84594096226203,476c8103-54fa-4b29-9147-37856f9b9a54,2025-05-05 05:15:29,Withdrawal,51503.3,INR,72796.22,Cash,Failed,BAN-2,Add stand add marriage particularly good.,EMI,Perez-Patel,Bangalore,100.22,False,Mobile
ae2d118e-8b63-4152-8c36-c7ce842986c7,MQYH28834867373633,4d70b4eb-7494-47e1-ad6c-634aeb6caf9d,2025-05-07 18:48:56,Payment,4031.12,INR,126896.95,Cheque,Failed,BAN-2,Majority somebody election girl clearly establish too.,Utility,"Miller, Brown and Davis",Bangalore,252.57,False,ATM
d0181596-789c-40f4-9784-967fe27cf559,JTTH29475384765040,4e9df5bc-0d8c-47c9-b1b4-60a138cc138f,2025-05-02 05:02:48,Payment,30294.95,INR,208501.46,Card,Success,BAN-2,Hour site shoulder myself some probably plan take.,Travel,"Norton, Byrd and Caldwell",Bangalore,262.97,True,POS
be7c1635-89e8-4b08-b3b7-c352d1b3e2e8,YVFH92027013401431,c2ec9913-79f7-435b-817d-f7525772811b,2025-05-02 11:37:34,Refund,53461.16,INR,231743.91,Cheque,Pending,BAN-2,Game while throw best argue.,Salary,Powell and Sons,Bangalore,325.68,True,Desktop
5936833e-ecf8-4be0-8875-f16fba447fa7,TEDF19310739932681,21590e22-7bb2-4514-85a7-1f503daa69f8,2025-05-07 22:27:12,Withdrawal,14134.73,INR,51135.74,Cheque,Pending,BAN-2,Senior environmental explain thank every few at.,Utility,Lamb and Sons,Bangalore,476.05,False,Desktop
b7a4a80c-a6ce-44a4-b512-0356bd495501,HDIS39852979448161,dc604355-333f-4a2a-b46a-712b38d27ef1,2025-05-05 04:01:48,Payment,60532.24,INR,282890.38,Card,Pending,BAN-2,Produce all simple main serve magazine.,Groceries,Campbell-Simon,Bangalore,384.69,False,POS
f4a05b40-96b5-432c-b677-0678ca83593f,YJEO04024808918020,5a97eb6a-3402-4356-b2ef-38a85482a53d,2025-05-03 09:53:44,Payment,83066.91,INR,75023.42,Cash,Pending,BAN-2,Party wife case set send Republican world them.,Shopping,Faulkner-Bradley,Bangalore,350.41,True,Desktop
d050f220-14f8-439c-8c43-93ee2cacccfe,ELCU69857310550228,abf64bef-dd59-42dd-97ff-4db66e989767,2025-05-04 15:00:27,Transfer,66350.42,INR,83740.18,Cash,Pending,BAN-2,Condition address lot night eat television.,Travel,Wilson PLC,Bangalore,391.84,False,ATM
9ace41b7-ba96-4e53-a812-9becd29f9661,LKRS71994292275991,3e95fca7-ad4b-4a84-a8bb-c509379be4d9,2025-05-02 09:27:19,Deposit,3820.77,INR,489801.44,Mobile,Failed,BAN-2,Interesting onto easy decade smile.,EMI,Farmer and Sons,Bangalore,326.26,True,Desktop
a57cfc38-5fe2-4b61-a7d9-cce4dbd28d15,LJJJ63286715228654,c252989d-1834-44ff-8eed-12189f7d8113,2025-05-07 21:09:31,Withdrawal,44970.95,INR,226914.41,Online,Pending,BAN-2,Alone black picture image everybody list need.,Travel,"Joyce, Rodriguez and Davis",Bangalore,74.17,True,Desktop
e1b73bc3-c0f7-4ba6-9ce0-ee6086073b36,OKBB27971056935760,2f49a5ad-a84e-4b7d-bc4d-da2451f0e3a1,2025-05-01 07:51:20,Refund,98183.93,INR,329779.16,Mobile,Success,BAN-2,Window type score old eye those.,Groceries,"Whitaker, Schultz and Dudley",Bangalore,419.93,True,ATM
9564890b-696b-40a8-92f8-251c0de27353,ALWC43643602849908,af841dc4-5cca-4388-9451-e3eac6080613,2025-05-06 20:58:11,Payment,80744.79,INR,390891.43,Cash,Failed,BAN-2,Management run play off.,Groceries,"Prince, Wolfe and Miller",Bangalore,438.29,True,Desktop
8917778c-feed-4cf9-9c12-a6273b48d705,NZJK61260069470003,c1facd23-b0a6-4f2a-aa18-a04a0f8067db,2025-05-01 17:32:34,Deposit,63299.82,INR,13556.18,Cash,Failed,BAN-2,Defense case particularly nearly investment production everything feeling.,Salary,"Anderson, Thompson and Simmons",Bangalore,93.62,True,ATM
0e3301ae-8793-4fca-9a39-f5c035d512b0,KEJE47716177122782,fa1c8db4-b8b6-4992-80bf-5ee8dd890714,2025-05-01 21:04:02,Transfer,16834.34,INR,30964.65,Mobile,Pending,BAN-2,Share material ball same.,Entertainment,"Smith, Lopez and Williams",Bangalore,307.46,False,POS
042df209-b618-44b3-a024-20107961c261,XDWV17472888588400,9418a65e-6678-44a1-a0fe-bf5f06f101c6,2025-05-01 18:32:17,Payment,44467.95,INR,40791.43,Cheque,Failed,BAN-2,Me miss level leave.,Travel,Nelson and Sons,Bangalore,29.9,True,ATM
1fdee174-0704-4f55-b8ab-2d19b4e0cc97,ZFYN92522020191916,4e59c2b1-92aa-4cd3-b07c-7beb0bb8af60,2025-05-07 18:32:41,Refund,2274.43,INR,334227.6,Online,Pending,BAN-2,Establish capital western herself.,Travel,Brooks-Perry,Bangalore,402.41,True,Mobile
42e0a5dd-51c9-4312-b23d-338592495dc1,QVFY97463232504382,a518bd8a-e695-408b-99e7-bf03b7e354a2,2025-05-06 18:54:41,Payment,73586.72,INR,71587.08,Online,Pending,BAN-2,Wear much job future will from.,Travel,Carter-Bryant,Bangalore,328.16,False,ATM
d69116ff-0635-43a8-9f81-a3f8cc5b31f5,NABB56967826087298,0b1e8f94-3048-452b-996b-c1a995d02319,2025-05-05 04:53:54,Withdrawal,35000.59,INR,424185.83,Card,Success,BAN-2,Point much particular environmental.,EMI,Gray Ltd,Bangalore,20.87,False,Mobile
5e96374a-3aa5-4adc-a349-f68e2c07e944,YSAN90613105627683,f67929de-213d-40b6-89a8-663778df5810,2025-05-03 03:15:19,Refund,25251.48,INR,20086.74,Mobile,Success,BAN-2,Street hot opportunity.,Travel,Simmons and Sons,Bangalore,215.01,True,Desktop
5e3c73b0-947a-4dfc-bdd5-c1f45d723dec,HRVU71085547032038,bbebf4a0-8bf9-4d6d-90de-96c59ff73ea3,2025-05-02 01:54:59,Transfer,51047.16,INR,357154.38,Online,Failed,BAN-2,Process mind feel single ten always often.,Salary,"Clark, Kelly and Hart",Bangalore,282.02,False,POS
d6d5b001-91b8-4023-9e31-04e9cd41d8fd,BTOO83541817907232,1bc7f13e-8465-4065-9325-626b6407fed8,2025-05-03 17:30:29,Withdrawal,92026.9,INR,216478.67,Cheque,Success,BAN-2,Pattern another board enough far imagine.,Entertainment,"Lopez, Stuart and Christensen",Bangalore,142.47,True,POS
07c15957-eba0-4c93-9c54-9c067596bb42,CDXU78524883523659,4d3ea7de-b61d-4ce4-ae8b-0814d3edab2e,2025-05-07 20:15:24,Transfer,19390.11,INR,135362.01,Mobile,Success,BAN-2,Billion machine call future anything.,Travel,Dawson-Kelly,Bangalore,431.74,True,Mobile
1ba2c34e-e19d-42cb-90a6-8b19179369ea,NYLX10796404074378,5f7d6bce-ee0c-43af-afdc-3249b50fa4cc,2025-05-08 04:26:51,Payment,70041.33,INR,454075.8,Online,Pending,BAN-2,Field partner story candidate agreement.,Groceries,Roy Ltd,Bangalore,437.7,False,Desktop
1ab89da1-eade-48a0-ab9d-9df16986cd4f,SPML92840355114383,64df9e50-d6bf-44eb-859e-01b79d6a3865,2025-05-05 18:25:34,Deposit,12463.56,INR,448262.38,Card,Success,BAN-2,Usually crime same particular yes detail in include.,Utility,Walsh Inc,Bangalore,286.43,False,Mobile
88a7d06b-7d8d-49d7-9c90-ffc3bd71940e,PIST59399599882369,d9239801-9723-4946-bec6-e30aec5d3096,2025-05-05 18:17:03,Transfer,60314.38,INR,118731.35,Mobile,Failed,BAN-2,Serve total fight government happy name child.,Travel,Martin Ltd,Bangalore,442.8,False,Mobile
bc001981-54a4-4310-b807-314c7dcd97ad,JOXL54338160030301,e2959d73-a69f-4c0b-8f1e-405458d2283f,2025-05-06 03:43:09,Withdrawal,63806.02,INR,190118.63,Cash,Failed,BAN-2,While town one war.,Salary,Livingston and Sons,Bangalore,327.4,False,ATM
84977d08-f221-48f6-beea-54748763fa97,IJGX00075598498911,27b7daef-dc0d-4b95-9734-ede569da0f24,2025-05-01 11:57:29,Withdrawal,18452.17,INR,210168.26,Cheque,Success,BAN-2,Trade war nation relationship president director tree.,Salary,"Wright, Wilkinson and Bowen",Bangalore,313.63,False,Mobile
35b30426-1e6a-4f99-94dc-dbae34d5cd5a,NITQ24258840651242,05d0070a-9d1b-4baa-abe7-da84c2980841,2025-05-07 13:19:59,Transfer,26549.17,INR,80098.31,Online,Success,BAN-2,Order effort executive rock capital health.,Shopping,Gibson PLC,Bangalore,450.15,True,Desktop
f8b87e05-2535-48b4-9239-4abf13a381b5,GTKV20253662073776,583b6162-5afc-4db2-891f-040978352028,2025-05-07 18:42:17,Deposit,67148.48,INR,423101.72,Online,Pending,BAN-2,West room green investment attorney.,Salary,Coffey-Bradford,Bangalore,34.61,False,ATM
b3a2dfa1-0b3f-4675-92bb-800480d31d92,JOTH99042917527082,cdfa24a4-24fb-46b8-a93b-2fe31ca57468,2025-05-02 19:53:59,Refund,59032.82,INR,258737.9,Mobile,Pending,BAN-2,Feeling term owner you.,Salary,"Larson, Mcclure and Pope",Bangalore,96.65,False,ATM
7994a075-6eff-4fc4-8eff-3c3709dd5573,HXKM15916454623505,8a60c1c0-79e9-4611-8357-44d047cf0135,2025-05-06 10:49:52,Refund,30853.97,INR,228689.33,Mobile,Success,BAN-2,Name student teacher treatment big throw party research.,Shopping,Smith LLC,Bangalore,107.26,False,ATM
5a9e4daa-3e21-458a-9db8-1da7218d4595,ESKG06631437907035,2eb2d67c-5063-486d-bbca-dc43b5763b19,2025-05-07 10:54:03,Payment,15043.48,INR,78756.86,Card,Pending,BAN-2,Foreign art administration.,Travel,Becker and Sons,Bangalore,10.18,False,Desktop
7fdc70c5-b86e-4c33-8f3d-62626113e64c,WSVJ31658950477511,10a27ed6-8191-4845-8415-f1e640f07e22,2025-05-01 08:05:03,Deposit,78846.75,INR,213096.16,Mobile,Failed,BAN-2,Attack ball heavy.,Entertainment,Hall and Sons,Bangalore,453.63,True,ATM
f3f0644a-3c17-42fe-827c-a456773e3996,YTKN52993984989395,8723195c-4221-44bc-b8ff-6c0af1090575,2025-05-04 10:22:31,Transfer,63179.62,INR,363100.31,Cash,Failed,BAN-2,General fear century factor.,Utility,Daniel Ltd,Bangalore,322.35,False,ATM
ab847531-0bfb-4fa5-95ee-24c7b8c7b1fa,VIYR39781472145309,dc06934f-41a4-468b-adff-ae02ba491aa5,2025-05-02 18:03:40,Deposit,50220.93,INR,240929.48,Card,Failed,BAN-2,Including energy air adult.,Entertainment,Hill-Walker,Bangalore,38.3,False,POS
c73f7e44-1d3c-43bd-a16f-52fa53669c21,NSWY25766592252972,8632dfed-1c55-4823-b285-e4affef534ca,2025-05-04 21:37:29,Transfer,76503.88,INR,374919.5,Cash,Failed,BAN-2,Good bill brother number.,Salary,Cowan Group,Bangalore,346.03,True,Mobile
abe7a104-7cfe-4855-b014-87d8b4acf29b,VUNW24126069856725,9eaddb90-31db-4bed-b1e7-b878f5d80326,2025-05-05 16:01:37,Transfer,21578.37,INR,123072.04,Online,Pending,BAN-2,Present soon three place decide himself authority.,Salary,"Hutchinson, Page and Perez",Bangalore,397.08,True,ATM
92c30c30-7b41-4d15-bf9d-b5601a3bffff,AWOY34647820098362,8e627d43-6381-446f-a280-b1bcde88e2c7,2025-05-04 04:59:05,Deposit,37593.84,INR,444608.18,Mobile,Failed,BAN-2,Away spring cultural only option.,Entertainment,Obrien-Ramirez,Bangalore,140.58,True,ATM
df12f374-40fe-4427-89dc-ef84b6c9f1e5,BKTG49548296661494,6e6fa6b8-ce2f-4313-94d2-6a163f479c98,2025-05-03 23:45:34,Withdrawal,7084.71,INR,200721.24,Card,Success,BAN-2,Maintain treatment defense south painting once travel.,Travel,"Durham, Parks and Rivera",Bangalore,435.55,False,Desktop
3eeac178-7074-405b-a419-fd49ea98c386,GQIL89515599675207,1da7cbb6-c784-4852-adec-481d1d70f6e8,2025-05-02 04:31:00,Refund,74887.26,INR,243478.09,Online,Success,BAN-2,Community career ground you.,Utility,"Gomez, Hughes and Leblanc",Bangalore,136.25,False,Desktop
878a9bb1-927e-4994-abbe-6bcb6cace818,ZQIA50653508887393,1df7da61-f168-4cdf-858c-beb4ebb137da,2025-05-03 11:00:08,Withdrawal,61076.5,INR,354010.89,Card,Failed,BAN-2,House information up whether stay order effort professional.,EMI,Chaney PLC,Bangalore,145.74,False,Desktop
556567f0-e880-4bee-b98c-131c3c329b1b,DNER22386645064562,3796d95b-420c-4518-9588-76c262532dbb,2025-05-03 08:21:52,Refund,61386.32,INR,334406.79,Online,Failed,BAN-2,Home nothing will.,Utility,Lucas-Scott,Bangalore,217.88,False,ATM
224541b7-fe52-40bc-b2c1-6cf3e76d6974,BYYF16745366759846,1965c108-62c9-4ad8-8078-f274ec756661,2025-05-01 08:12:45,Refund,74114.15,INR,74112.77,Card,Failed,BAN-2,Of institution soldier PM.,EMI,Davis-Richards,Bangalore,322.18,True,Desktop
8e09965f-f666-47f7-8dc9-3bd8cece7317,BOYX47375185210426,84b27b71-40ad-4b1d-af39-c0c334d7944d,2025-05-02 07:37:04,Transfer,98581.53,INR,237323.97,Cheque,Failed,BAN-2,Station throughout political us know brother indeed establish.,Utility,Glass LLC,Bangalore,103.07,False,Mobile
48163d82-29c0-4428-b987-d3b4669ae849,QDTR46354009063094,01d29523-8c4e-4eea-b247-480ab0f50e3e,2025-05-02 16:05:41,Payment,30154.35,INR,145638.68,Mobile,Success,BAN-2,But police case candidate hit.,Salary,"Stephens, Lara and Mack",Bangalore,470.97,True,ATM
797c336a-a49d-429b-ac4c-ca0728d96556,SAXK79279238994130,a069d304-6c44-4722-975b-558fe8ee5c07,2025-05-05 05:46:30,Payment,22976.22,INR,349594.32,Cheque,Pending,BAN-2,Live heart no around recently parent low.,Entertainment,"Lopez, Jones and Armstrong",Bangalore,111.16,False,Mobile
a85b73b2-5e60-4bdd-9d58-e8150013d10d,KPXC40827341808434,8ae0bbd7-4ff6-448c-b4d4-802a4589ff5d,2025-05-05 17:24:37,Transfer,5599.36,INR,229673.01,Online,Pending,BAN-2,Particular particular stop guy involve.,Entertainment,Burton and Sons,Bangalore,385.91,False,Desktop
67b40905-935c-41b6-bce6-4934e17c3f52,VMTH89707872451345,e7f782d3-63b2-4fe9-adc1-85365fca78d5,2025-05-07 04:24:06,Payment,69956.59,INR,69666.89,Cheque,Pending,BAN-2,Speech firm artist husband sure today child.,Utility,"Simmons, King and Peters",Bangalore,244.13,True,Desktop
6e51214f-77eb-40c8-97fb-93b181cb14fa,EMVH00923599498144,7de6e820-ab74-4643-a84c-343894c00f8f,2025-05-01 12:15:52,Refund,92512.09,INR,276231.38,Cash,Failed,BAN-2,Exactly find throw whose success in future.,Groceries,Cooley Ltd,Bangalore,298.3,False,ATM
af869659-ae9e-4324-b9b5-11b7a341fdb8,ZJTA52521243073706,ca3cb22c-5e0e-4f59-bd67-254385af7f48,2025-05-06 21:16:29,Refund,76202.2,INR,414516.39,Online,Pending,BAN-2,Then store up yard.,Entertainment,Roberson-Nelson,Bangalore,230.71,False,Mobile
eb02fe27-a565-41f7-a5c6-9b496e245bb6,ZRXP97676298651957,b9a5991f-513f-4e91-95d9-49e1124afd87,2025-05-04 05:13:29,Deposit,67485.04,INR,378494.97,Cheque,Success,BAN-2,Government could loss teach cover open door man.,Utility,Jenkins PLC,Bangalore,348.11,True,POS
258201e8-76a6-43b3-817b-1383e7c3696d,SHHE35606109251956,4eaf8729-7768-43da-a3c0-c900d4e3a3aa,2025-05-03 22:57:05,Payment,3245.12,INR,273667.67,Cheque,Failed,BAN-2,Until enough money year girl foreign.,Groceries,"Salas, Mcpherson and Myers",Bangalore,291.95,False,POS
22897a01-fd84-4812-8869-521334cb20bb,BCAL51970180803889,e6e71cf7-7b53-4c4a-939a-9e12f572ccde,2025-05-06 00:19:23,Transfer,26236.36,INR,489286.74,Online,Success,BAN-2,Against although job likely better.,Travel,Moore PLC,Bangalore,332.37,False,POS
e29f6bee-1793-45b4-bfc0-16b11f2dae98,UWTD96804831623341,c5f5ef46-3544-431e-a393-4a19db887fb2,2025-05-04 07:40:16,Payment,34062.55,INR,203707.53,Mobile,Failed,BAN-2,Should ask significant wife.,Travel,Hahn-Bishop,Bangalore,326.96,False,Desktop
c982a4ef-e9b9-4140-aa80-9eae9940b780,PAOM60247000823239,8729219e-a18a-4b5e-bd00-fff7c0962e02,2025-05-07 20:32:40,Transfer,33012.83,INR,66377.93,Card,Pending,BAN-2,Easy throw ball before.,Utility,Vasquez-King,Bangalore,67.29,False,Desktop
5afbee49-26d1-4ed0-9049-9649346cd6a1,OCMO41855913666926,41ca32ed-cd30-4f0c-9614-34cd315ac879,2025-05-08 01:54:59,Payment,42255.16,INR,416422.09,Cheque,Success,BAN-2,On people maintain record be weight second.,Salary,"Cabrera, Poole and Valenzuela",Bangalore,228.35,False,Desktop
3153db56-c7bd-47f3-83cc-9a8ce3e5bb59,JWEX01945231211658,a074b224-0486-4cdb-85de-d38142e23bf3,2025-05-04 03:52:28,Transfer,65050.14,INR,305287.97,Online,Pending,BAN-2,Those dog under company fine.,Shopping,Aguilar and Sons,Bangalore,266.88,False,ATM
cc08e7ef-5f38-4c96-82f6-8dc567dfbf1f,WMLS36753687728743,ae105106-ba9f-416a-a9f8-67f6f85023d2,2025-05-06 19:06:50,Withdrawal,28334.08,INR,20463.31,Card,Failed,BAN-2,There baby natural onto story.,Entertainment,Gonzales-Smith,Bangalore,72.39,False,Mobile
673e1bec-eed7-4d36-bd50-111074996083,QURS91950577243107,d48afed1-59c5-4b3f-8225-bf74cd9db20c,2025-05-03 01:11:11,Deposit,45878.18,INR,437602.03,Card,Success,BAN-2,Type hair ground she.,Shopping,Hahn-Edwards,Bangalore,372.99,True,ATM
4b54a78e-af88-4058-b3fc-9ac419d6c566,PUQK08423639948678,857c89ee-1df8-452f-a267-d8ba452d3c69,2025-05-01 19:26:12,Transfer,16842.67,INR,216392.24,Cheque,Success,BAN-2,Learn simple everyone at indeed color write.,Shopping,Osborn-Brown,Bangalore,435.16,False,POS
404779f3-5a61-4ea6-8b0b-bc7917afbf27,ETZS97396138461921,89a478e0-2a8a-41a7-a4f9-7964baf26453,2025-05-06 04:39:40,Transfer,95649.12,INR,444878.94,Cash,Failed,BAN-2,Next move require total development.,Utility,"Cummings, Solis and Bailey",Bangalore,412.64,True,Mobile
ed1e6694-ff01-4378-97ff-9c0a38dca680,ZAPH33568847266724,068b717c-7268-487d-ab17-2d5fee727c4c,2025-05-07 06:37:12,Deposit,64095.52,INR,496188.21,Mobile,Failed,BAN-2,Five woman ask full debate simply.,Shopping,Salas-Barrett,Bangalore,41.5,True,Desktop
8f8331c7-d1bb-40fe-b7e4-43be690f8a76,SWCU48977553883547,a76218d8-f807-4f94-83e3-f574404acd2e,2025-05-01 18:34:50,Payment,9534.53,INR,291638.63,Online,Failed,BAN-2,Than against stage sea administration forward.,Shopping,Friedman PLC,Bangalore,408.94,True,Mobile
8ec50f82-5a26-4223-b111-cf86a798ddd4,SLTW67856520091876,d42547ba-1693-44c0-9432-c0ce5f280cc4,2025-05-05 15:26:24,Payment,12128.09,INR,217689.84,Cheque,Failed,BAN-2,Campaign process west night receive himself.,Travel,Jackson-Parker,Bangalore,0.36,True,POS
6d4b10ca-a851-4896-9e60-5eb0866176b1,UAVB95498994230965,64467232-8caf-49b6-b01e-384c39896f1e,2025-05-04 08:36:48,Deposit,35978.35,INR,201195.05,Online,Pending,BAN-2,Key impact new price.,Salary,Paul LLC,Bangalore,267.18,False,ATM
3dce860a-6189-4994-999a-8745805ae0fa,AHUR17724377650639,2f551997-2efb-4ba9-9c6a-531f8ca9810c,2025-05-01 16:15:20,Transfer,66507.0,INR,469393.5,Cash,Pending,BAN-2,Success step around quite girl manage.,Shopping,Garcia Inc,Bangalore,387.22,True,Mobile
2a9a147f-e2db-45c8-8f22-9fec88ad7d0b,RQNB64457593933003,fd86f090-cc41-414a-9a03-4c8bb6b1d315,2025-05-03 03:37:57,Withdrawal,28813.63,INR,315096.34,Cheque,Success,BAN-2,Sure important also know.,Travel,Brown-Woods,Bangalore,213.31,True,POS
e029a348-2ad0-4d54-95b6-1da96ee2adf9,UURD24017230102300,40dbc3a6-efdd-4134-8dfd-285f871b0596,2025-05-08 05:24:54,Refund,92810.04,INR,473847.47,Cash,Pending,BAN-2,Support customer want send.,Utility,Jimenez PLC,Bangalore,269.47,True,POS
9b8c7e5c-41bf-41cf-be22-d6fd81d4b0f8,AUJM58705929679231,814421e5-676d-4416-b2b4-5138b7454f92,2025-05-04 05:27:43,Transfer,61920.44,INR,468630.59,Cash,Failed,BAN-2,Color answer drop seem day large range.,Groceries,"Lewis, Salazar and Alvarez",Bangalore,445.14,False,Mobile
7fbe6d6f-b49c-4e0e-95fa-d5af03c7edf6,KXDX03195532548705,d37fdd06-dae4-4fd9-a296-82d0fa7540b6,2025-05-05 08:00:17,Deposit,68906.96,INR,276553.85,Online,Failed,BAN-2,Church adult soldier by buy could trial.,Groceries,Hubbard Group,Bangalore,110.89,True,Mobile
90e1232a-3c31-49fe-a74e-2782948cd557,SCTW95209539044399,39d58815-51af-4764-804c-1308be71b1df,2025-05-02 20:05:39,Payment,98706.01,INR,367673.36,Cash,Success,BAN-2,Method challenge analysis cut often.,Groceries,"Novak, Mcguire and Medina",Bangalore,461.51,False,Desktop
f6f1c373-7f2c-4bae-9a95-d98b352462a4,PYTB29639737433128,7551c969-7fed-4a70-a811-f97965713f9c,2025-05-07 19:59:05,Refund,32587.21,INR,418295.21,Online,Failed,BAN-2,Ahead tonight smile believe ago up mention.,EMI,"Johnson, Morgan and Armstrong",Bangalore,244.66,False,Desktop
46867ca7-d146-4b3f-806c-27fd041a27fd,GIBI49354441372785,46593cc6-f279-468f-8b95-5864be8299a4,2025-05-05 16:31:38,Payment,26021.61,INR,311926.75,Cash,Success,BAN-2,Decade themselves role analysis.,Utility,Pennington-Hudson,Bangalore,302.15,False,POS
380b4eb6-2afe-4148-bc7e-3cf520756448,PFFB81078083350937,a7f44dcb-9f25-4185-bda6-ef5f5e3e625e,2025-05-05 21:20:10,Payment,89120.85,INR,466173.66,Card,Pending,BAN-2,Republican loss discover computer national foreign later.,Shopping,Martinez Group,Bangalore,70.56,True,ATM
1d0d974c-2432-4733-97ae-dbc988c551f9,HDGP73219050326514,428f5fef-057d-4059-8d18-d03f03e58fbb,2025-05-06 20:15:35,Payment,78834.39,INR,164511.18,Online,Success,BAN-2,Alone exactly time despite pressure arrive month.,Entertainment,Clark Inc,Bangalore,200.79,True,POS
91e632a2-769f-4bee-8862-cde8444e33d4,VQPI76939611452514,1e23f1ba-2026-40ab-a377-a699a24ea3d5,2025-05-06 01:20:40,Withdrawal,48361.77,INR,131292.42,Mobile,Success,BAN-2,Which particularly hair high above part.,Entertainment,Bennett and Sons,Bangalore,157.46,True,Mobile
6c350388-4ca0-4f5a-b1a7-8c5149f80b4e,YWNO90333477255566,fe2441de-30dd-4bc6-b52f-24044e357ba8,2025-05-01 19:20:45,Refund,78643.58,INR,489435.05,Cheque,Pending,BAN-2,Cultural staff town hard wish born compare.,EMI,"Blanchard, French and Lloyd",Bangalore,131.27,False,POS
200d13ba-17c1-4468-a10c-86fb171383ac,GDGQ90175118008977,059cc348-7f04-4866-9c5a-89a15fabe618,2025-05-07 05:04:58,Transfer,34284.37,INR,188210.41,Cheque,Success,BAN-2,Stage Democrat rather speak both.,Utility,Vega LLC,Bangalore,376.61,True,POS
b4ab65b3-f3ba-4783-8c54-a958b776e48c,TCTP70872140134179,957a6325-e275-4997-a9a9-ca26d7260270,2025-05-08 04:36:22,Withdrawal,5921.36,INR,402006.33,Card,Failed,BAN-2,Mind address career structure when rise information.,Shopping,"Williams, Foster and Kim",Bangalore,14.21,True,Mobile
ce397a40-5f6b-430f-b3bb-2516582a617e,XRJE67736874771369,951be505-d1cc-4e5b-b9b2-016bfcf91832,2025-05-06 06:08:04,Transfer,60304.09,INR,267043.19,Mobile,Success,BAN-2,Edge discussion throughout throw.,Salary,"Fox, Garcia and Haney",Bangalore,176.98,True,Mobile
0953d371-11f9-4826-a99d-a190f61be7b9,NLYZ86489684146208,5101ca3f-6e7d-4dc0-8af6-c846d5a0c34b,2025-05-03 11:38:42,Deposit,64246.4,INR,97125.48,Mobile,Pending,BAN-2,Edge mouth all personal.,EMI,"Calhoun, King and Miller",Bangalore,109.74,False,POS
5d212654-3867-495b-93db-2d10462837ac,UEQP73062336030285,9afb872f-bd12-471e-84c2-b29eaa830b62,2025-05-02 19:11:57,Deposit,28876.52,INR,173495.27,Card,Success,BAN-2,Important cold she try network test prove author.,Shopping,Fry and Sons,Bangalore,57.11,False,POS
196a6880-eff3-4453-a377-3d5b42d0030c,XIWX06891969195301,bb9bec52-3b4f-42bc-92a1-2d1d41c7abe9,2025-05-06 00:49:48,Payment,39409.25,INR,208976.26,Card,Pending,BAN-2,Much could performance.,Groceries,Rivers Inc,Bangalore,254.12,False,Mobile
6bc131a4-4621-4199-bfb9-aaf561a876a7,ZJVF59088409605714,6327b191-de1f-47ae-b73c-a57f688ec771,2025-05-02 13:05:43,Deposit,68282.91,INR,434531.09,Cash,Failed,BAN-2,Fill hotel Republican form democratic bag play.,Utility,"Joseph, Wagner and Lopez",Bangalore,172.97,False,Desktop
82807ac0-c62d-460d-9f29-5ed1feedb36d,DUWX79472319278808,a3e6df48-5b38-4312-82ea-c58103bed6d0,2025-05-02 13:28:49,Transfer,10049.03,INR,490305.68,Card,Pending,BAN-2,Reach age always rise middle nature nice.,Travel,Thomas LLC,Bangalore,472.84,False,Mobile
ac8d2ed0-0be7-4e14-ad1f-8ed7a51f3f77,SQRL48303139645077,858b5ad2-405e-48cd-8222-81f31f0a7c0d,2025-05-01 11:50:24,Payment,22092.61,INR,473497.47,Cash,Success,BAN-2,Large son design capital upon west fire fast.,EMI,Mitchell Ltd,Bangalore,161.29,False,ATM
b6ac9101-4d80-469c-aab3-21961179202e,XRJB99539622307639,23127514-a290-4f77-bf9f-5eb1c6e5360e,2025-05-02 04:51:20,Refund,93215.45,INR,415429.47,Mobile,Success,BAN-2,Tv same last.,Travel,"Lopez, Howe and Bishop",Bangalore,24.14,False,POS
954e96c8-937b-4c14-aa9e-44ba859c75f3,TXKA93325571252692,385c0865-68da-419f-a753-ec9ace2d2669,2025-05-02 10:52:57,Transfer,69185.76,INR,73443.0,Cheque,Failed,BAN-2,Nothing within great lawyer moment.,Travel,Ponce Inc,Bangalore,459.32,False,Desktop
fb775ae8-cb86-4dc3-987c-b77dd5585d0d,UQAN71580483463968,68915705-f9fb-4986-8b39-2fa1d358be81,2025-05-01 20:08:21,Payment,46669.57,INR,409030.46,Online,Success,BAN-2,Return call body world.,EMI,Fox Inc,Bangalore,279.34,False,Mobile
cc382d33-5733-412a-a995-9cdeff6e1ab2,GFET19916733124687,8bf43b1b-fe39-4c16-b573-ac0e878b3e74,2025-05-07 19:40:32,Withdrawal,65846.03,INR,162593.25,Online,Pending,BAN-2,Last level off tonight.,Entertainment,Schmidt-Pacheco,Bangalore,338.67,True,Mobile
50202464-069a-4999-a468-7ae0907d32fb,DHXU06405415529718,b2c9ffc0-9004-4508-a068-526b9f66d1ec,2025-05-05 08:54:00,Deposit,60384.39,INR,115094.64,Mobile,Success,BAN-2,Try speak sister seven eye heart.,Entertainment,Chang-James,Bangalore,56.26,False,ATM
0100d47a-dadb-4750-87be-d4038285ecf6,DUJV41043939615437,b19d47eb-063d-400f-b46d-524129df0da4,2025-05-02 04:36:50,Transfer,42364.59,INR,132941.88,Cheque,Pending,BAN-2,Phone painting southern radio seek include nor.,Groceries,Green-Hawkins,Bangalore,444.44,False,ATM
88cfda7d-6248-4ed8-b458-926dc2135601,QFBF76327941551186,60e8081d-2c48-466d-846e-ed82969d2d5d,2025-05-01 19:07:15,Withdrawal,99700.13,INR,100276.44,Cheque,Success,BAN-2,Plan listen similar story.,Entertainment,Estrada and Sons,Bangalore,104.27,False,ATM
274c9977-05b8-4d5b-918b-bac060917540,TTHI58845973154669,3e7e7af2-1934-4bc4-8683-5271e580bbc3,2025-05-04 01:28:32,Deposit,29150.02,INR,460572.49,Mobile,Failed,BAN-2,Lose life my treatment science look.,Groceries,Martin PLC,Bangalore,200.26,True,ATM
02e8b170-ba85-482e-b09b-e3e3a61d2e09,MENY94452001816848,77b800b0-601b-4ec5-bc21-6265d74f55fc,2025-05-04 20:47:02,Transfer,64960.03,INR,126466.31,Mobile,Failed,BAN-2,Goal put bill head.,Entertainment,"Dominguez, Kirk and Pugh",Bangalore,204.29,False,POS
84c847b5-1112-4cc9-8683-28839ee55dbb,KAVR64156654194159,2b85647d-b1f0-44c4-83a4-cdb075da5e44,2025-05-05 00:57:50,Transfer,28591.06,INR,90473.61,Online,Failed,BAN-2,Charge up prove key.,Shopping,Smith Ltd,Bangalore,466.54,False,Desktop
979c1352-bff8-4de8-8175-758476948242,BCGP77906501578026,9994e118-d341-45e1-a381-2d7fcff89134,2025-05-07 00:44:53,Transfer,94332.29,INR,331505.08,Card,Pending,BAN-2,Four available foot improve recognize help have mention.,Utility,"Walters, Marsh and Jenkins",Bangalore,221.87,True,Mobile
ba914885-4a18-48b8-8384-1eefa92d6994,WSJL87637844593583,907bf7e0-4227-420c-8bf6-57ae35c2bfb2,2025-05-07 06:40:34,Refund,45558.12,INR,418788.68,Card,Pending,BAN-2,Though reduce two culture wide.,EMI,"Acosta, Williams and Yates",Bangalore,196.91,False,Mobile
c2a02cd2-eb7d-4e12-b4d3-73c4bfae0e2c,GIPY19661356670774,4194730d-343d-46c5-b64f-249465bd9c1b,2025-05-08 00:31:04,Deposit,22431.64,INR,10072.24,Cash,Success,BAN-2,Certainly your there hear increase together responsibility commercial.,Utility,Hernandez-Jones,Bangalore,339.91,False,POS
231015d4-f156-408a-b6d3-d84152f6c83a,XBUI08265413009821,2d89ae08-fe45-492e-b425-530f17e43cf9,2025-05-03 21:08:45,Deposit,6371.75,INR,437461.57,Card,Failed,BAN-2,Picture natural long road anyone animal political strong.,EMI,"Cooper, Conrad and Wheeler",Bangalore,33.74,False,Desktop
3dc6edc3-23d8-4fa7-80c5-d9b2f4806163,GGOK92228459501021,5e96fbab-7a56-4b8e-9c8a-784055ffde8b,2025-05-01 20:58:55,Payment,42436.71,INR,451617.99,Card,Pending,BAN-2,Indicate participant computer theory big later follow.,Travel,Stewart LLC,Bangalore,413.45,False,POS
c58db51a-532e-4119-a04c-ae7e721f9eb7,KHXU44300126376097,bb883fb3-88eb-4dcf-a28d-e4108e2bff64,2025-05-05 18:33:10,Payment,83396.62,INR,133544.08,Mobile,Success,BAN-2,Even arm seven attention police.,Entertainment,Ray-Mccoy,Bangalore,250.7,True,ATM
e657c5cd-833d-4d6c-9e97-207ca730b880,DPXJ49747508160452,156eed71-9fb9-4d69-94b4-a827b3c3e9b4,2025-05-01 07:43:15,Payment,60794.74,INR,105889.43,Cash,Success,BAN-2,Sense after process.,EMI,"Mason, Garcia and Glover",Bangalore,218.12,True,Mobile
c9414296-c3e7-484c-b75f-c09abcae1fd0,IJDO58679703909777,df466848-3e1c-4ebb-9244-3eec81d0d50a,2025-05-05 15:31:23,Refund,42275.53,INR,236316.79,Online,Success,BAN-2,Part rock several ahead career.,Groceries,Higgins-Wilcox,Bangalore,125.34,True,POS
8074dad3-d7c2-4fd2-a85e-5ae7dd2d79a3,ZTSJ24800197869920,deb9ffbb-4ee3-4037-ae25-36d53175146b,2025-05-03 17:49:43,Withdrawal,56501.67,INR,410562.23,Card,Success,BAN-2,Your manage office officer inside.,Entertainment,"Watkins, Trujillo and Garcia",Bangalore,18.74,False,POS
733e4a9c-1fe4-4b9e-b1e8-d772cd6d9dae,OIOC61998803531549,2970bd43-242c-4cb5-a910-958344e54071,2025-05-03 00:36:49,Payment,1677.33,INR,225514.75,Card,Pending,BAN-2,Natural hotel think benefit realize must major.,Shopping,Smith-Fitzgerald,Bangalore,143.4,True,POS
1542afca-da47-45a4-b265-fcd9468c2890,YSTL55550980798983,c65d13a0-4dbc-42f9-838d-ded32abf11ea,2025-05-03 05:48:50,Transfer,97758.94,INR,285335.1,Cheque,Failed,BAN-2,National anyone I gas respond public.,Shopping,"Chaney, Williams and Carlson",Bangalore,135.2,True,Desktop
e216211d-dd3d-4d90-9e0f-18d647058e79,VJHN43243829841363,8e92466f-6eaa-4bfe-87f4-57f00687cca8,2025-05-03 05:56:38,Payment,6914.7,INR,128881.91,Card,Failed,BAN-2,Activity street marriage least we.,Shopping,Morris Ltd,Bangalore,174.86,True,Desktop
9eecc8c3-1d2d-49d4-a1a3-4ee2021a25e9,FBYS63259922248754,358cb5e4-74c8-491c-8ede-2d1db25e2ff0,2025-05-07 10:32:40,Payment,11571.55,INR,91098.76,Cash,Failed,BAN-2,Yet author job every.,EMI,"Jones, Anderson and Gross",Bangalore,76.49,False,Desktop
3f9fa608-684a-4d92-a9ce-811207d560a2,LAQX97351059436908,4264dcf1-f586-46da-a4b3-bbaf5f6f2af9,2025-05-08 01:15:42,Refund,85452.61,INR,267874.24,Online,Success,BAN-2,Room herself pressure poor easy single newspaper.,Entertainment,Krueger Inc,Bangalore,498.29,True,Mobile
4b4528f9-2562-4cfc-aa58-8cb2dafe45ab,DSTQ61701792448199,1fcccb4c-c306-4204-a305-37cb97e8234e,2025-05-07 04:53:01,Payment,91747.19,INR,356982.19,Mobile,Failed,BAN-2,Per theory would including realize.,Entertainment,"Joyce, Flores and Green",Bangalore,292.35,False,Desktop
5ba56aff-ace8-476d-bc75-80f51d90af73,QUMC53158217735304,b1184f06-5629-4312-abb7-89b65419f19f,2025-05-06 06:49:44,Withdrawal,63815.57,INR,365181.77,Card,Success,BAN-2,Better radio test brother.,Groceries,Johnson Inc,Bangalore,136.07,True,Mobile
96376e6c-e7f6-48b8-8f8d-f660ba31794e,BWCC15308147027554,20751757-b812-4b17-8a3e-3ad2eee85b0d,2025-05-07 23:57:54,Payment,37274.54,INR,218988.36,Cash,Failed,BAN-2,Meet side account.,Shopping,Parker PLC,Bangalore,363.7,False,Mobile
4bd667e3-4e6a-467c-8c19-4b4d93c77826,KDBB38729832722684,2e28d6b9-509d-4659-943a-45ff046aa364,2025-05-05 09:22:06,Refund,38293.17,INR,384178.24,Mobile,Failed,BAN-2,Age those whose kid camera wait source.,Utility,Martin-Lawson,Bangalore,164.43,True,ATM
e1241f67-98c6-4fc9-9da7-5bbc6d2760a4,YYJZ05827416986783,6fa9dd19-502b-4624-8d78-b8026545b195,2025-05-04 10:42:50,Deposit,9864.06,INR,153560.33,Cheque,Pending,BAN-2,Describe trip shake either ask.,EMI,Daniels-Williams,Bangalore,400.5,True,Mobile
9210d1a3-e763-4839-8527-425bbfcd5158,BUZF57095904171782,aeb0a1a4-caf2-442c-b243-45914906a9ca,2025-05-07 09:11:17,Payment,44753.33,INR,68926.19,Cheque,Failed,BAN-2,Resource argue last sell pull approach catch.,Salary,Hammond Inc,Bangalore,473.27,False,ATM
04f91ec5-9720-43e0-af09-6af381631f5a,QZMN97220626815998,c6b1eaf3-b24c-498d-a1b3-a36a8d2cb094,2025-05-07 10:41:53,Withdrawal,52257.58,INR,182971.84,Cash,Pending,BAN-2,Similar live be work town.,EMI,Bell-Mack,Bangalore,276.51,True,Mobile
5d825904-6b52-4270-84eb-b20dea3ac5cb,ZOTM12270793424184,b8cae2d0-2676-4e21-91e4-2cf762fa1b27,2025-05-08 01:13:53,Payment,85514.95,INR,416167.5,Online,Pending,BAN-2,Sister as how staff energy represent whether.,Salary,Frye Ltd,Bangalore,236.99,True,POS
80ecfa67-9592-4ba2-a178-441faa0c6e37,DSDM38249713610702,a52c3285-1bdb-4c1a-bf71-daeb06cb2d2b,2025-05-04 11:18:31,Deposit,37686.09,INR,48164.72,Cheque,Pending,BAN-2,Me doctor whom area.,EMI,Castaneda-Grant,Bangalore,185.21,False,Desktop
294a190a-8cc1-4792-83fa-04ec4c829369,AEBG75292370368785,f87e5cc2-fa19-479a-bc28-14e34ac09f2f,2025-05-08 02:46:19,Deposit,52569.35,INR,200981.28,Card,Failed,BAN-2,My indicate how model get skin seven.,Salary,Collins and Sons,Bangalore,449.81,False,ATM
1d7e99bc-3fa7-4548-b0fd-3fd8646b2190,WGMX10850142583713,7efa3af2-987a-488d-a17b-99127e414c8f,2025-05-03 00:33:58,Payment,67531.05,INR,498975.38,Cheque,Pending,BAN-2,Human know collection.,Shopping,Soto-Blackwell,Bangalore,111.07,False,ATM
912670cf-82e7-48c1-bee7-8ea99d12883b,OJJH80438411269194,c0b74281-02da-4105-93cf-605505278aad,2025-05-06 14:25:14,Refund,36102.1,INR,452408.49,Cash,Pending,BAN-2,Traditional style popular administration general board poor.,Shopping,Thomas-Foster,Bangalore,132.53,False,ATM
3ab978d1-b7b7-4c1c-9aef-51668bb0a297,BHLD06232669086632,9b82e870-bb7f-4699-bb00-7acd12a457c7,2025-05-05 19:44:27,Deposit,86799.53,INR,308342.49,Cheque,Success,BAN-2,Standard million spring cold western group stage.,Entertainment,Thompson-Fuller,Bangalore,41.56,True,ATM
96c1c7e5-7968-45f4-8fef-68f999ccf4ab,JSYD20690286677990,15f42a5d-6d8b-429c-9942-a05e7cf2d89e,2025-05-01 18:16:17,Withdrawal,92117.98,INR,237471.86,Online,Pending,BAN-2,Who something teacher involve she so loss.,Utility,"Barnett, Kim and Lopez",Bangalore,118.08,False,ATM
8f7fe7e6-7c18-4eb1-9bbe-e54d75e0899f,MGNC51045679190014,268bd398-402d-430e-ba6f-91941d9d23b6,2025-05-08 02:21:39,Payment,98290.44,INR,358528.08,Card,Failed,BAN-2,Reveal condition say into newspaper.,Salary,Green-Decker,Bangalore,240.0,True,Mobile
b8c25e6b-5769-4ea7-b8b4-4cdfadf5a728,VIVG35014625191033,fa88b906-7279-4df6-979d-bfd9148cf447,2025-05-07 00:38:17,Payment,12955.62,INR,215165.79,Card,Pending,BAN-2,American improve increase pressure tough.,Entertainment,Johnson-Adams,Bangalore,290.67,False,Desktop
f3e59257-7df7-4147-b931-60f67feee05c,NGGK45586248559321,7888f140-dd4e-4b8f-aa8f-da78f89f28d8,2025-05-08 03:53:26,Withdrawal,95297.18,INR,148409.46,Mobile,Pending,BAN-2,Occur later back finish various prove strategy page.,Utility,"Miller, Smith and Li",Bangalore,38.74,False,POS
acbf3d3d-2d0f-4f04-9fae-958ab3308c5a,BQGX15853824276823,efbae59f-847c-420d-94b3-1a3adcf50faf,2025-05-01 11:02:41,Transfer,94812.92,INR,133933.35,Online,Pending,BAN-2,Education defense cup side those when consumer interest.,EMI,Vincent Group,Bangalore,222.16,True,POS
eba8616d-6f2d-4536-a94c-6125b7aa1ee7,SMMJ57739639765062,f27c0077-0003-446b-948a-75c3418db3ef,2025-05-02 16:53:45,Withdrawal,90360.07,INR,372256.12,Online,Failed,BAN-2,Trouble lay up.,Salary,"Sutton, Hull and Barnett",Bangalore,234.17,False,POS
4075bb11-1c2c-4c95-bbf3-ff6b31856e3b,HHYF23631054010668,a2c53e6b-aa39-4533-bdb0-3aecd4312997,2025-05-06 23:35:33,Transfer,79522.1,INR,381811.89,Mobile,Pending,BAN-2,Need southern word test.,Utility,"Gonzalez, Simon and Jackson",Bangalore,239.88,False,ATM
a3041d6a-6583-43bc-a6d2-ca2756eb68a6,RMRA72498770335286,6ff875c8-f605-4808-aff3-d6e83fe882cd,2025-05-02 00:07:47,Payment,3647.75,INR,185559.09,Cheque,Success,BAN-2,Lose stand power relationship maintain federal.,Utility,"Mcbride, Forbes and Sanchez",Bangalore,357.35,True,POS
a871c37f-660b-4e00-9da8-681377dc798f,ERDG62986510237612,d3617d09-5bf7-4eef-be03-b587d4a66f3b,2025-05-02 06:26:14,Deposit,95458.44,INR,275369.07,Mobile,Pending,BAN-2,Development new near every character dream kid become.,Entertainment,Hernandez and Sons,Bangalore,496.1,True,POS
ffd89750-09a3-40a4-9adc-1534f4d0989f,EBWJ49732160595745,0aae134d-a609-416e-8161-c9c601097ad9,2025-05-01 13:07:35,Refund,8105.98,INR,353288.18,Online,Pending,BAN-2,Each discussion response common.,EMI,Reyes-Malone,Bangalore,353.77,False,POS
99ea11e5-f2ae-4c71-abd1-d83213d547eb,FDIL80300326046299,3ea3fae0-3b4b-4474-9ffc-493f0a0fb620,2025-05-02 00:57:40,Transfer,77726.39,INR,55670.53,Cash,Failed,BAN-2,Card mind doctor result citizen wide develop.,Groceries,Farmer PLC,Bangalore,338.61,False,Desktop
0e44027c-7cbb-44f6-b013-1c275baeaf9d,ESQQ61442073155111,00345424-9892-48a5-822f-8cdafb424bea,2025-05-06 02:19:58,Payment,67894.98,INR,304310.03,Cash,Pending,BAN-2,Church election north true better employee material.,Utility,Mccann and Sons,Bangalore,215.64,True,POS
ca138f32-d831-4d82-96b7-a85fa0c6586c,RSSB06078834319867,3a43b657-9399-4328-8b11-b1117b477cdb,2025-05-03 03:52:52,Refund,3316.48,INR,189805.19,Card,Success,BAN-2,Amount structure allow century before difference seek get.,Groceries,"Wallace, Hall and Wood",Bangalore,465.53,True,ATM
36eafa3c-59af-49a5-94e5-7272c725857a,ZZGB82484315902333,d1334a32-586f-47cf-b42a-c44522c11ac9,2025-05-05 13:41:31,Refund,96811.28,INR,338236.58,Online,Failed,BAN-2,Ball main mention among half ever north.,EMI,Carlson-Chan,Bangalore,191.97,True,ATM
c45fc488-d7e3-487c-a94f-671692378198,GVUG08390234183268,0b38132b-9be1-4ae1-9fa8-179d4635f5f1,2025-05-06 01:00:31,Payment,17537.53,INR,320086.54,Online,Success,BAN-2,Five feeling six such position let upon.,EMI,Castillo-Glover,Bangalore,84.34,False,Mobile
6ca188cd-3560-4c91-a2de-59b643fb9b54,BEPL06664818066143,8de44494-62be-4c46-b0ba-d9ec2fb9ec79,2025-05-01 16:16:57,Deposit,56141.54,INR,241034.61,Online,Failed,BAN-2,Power hard pay think question.,Groceries,Hatfield Group,Bangalore,304.27,True,Desktop
b4d8fba4-0387-4413-bb83-259c8efba7ff,IXBQ61867321814614,f5aface0-f256-4715-9729-6cb3bfa0d143,2025-05-08 00:28:48,Transfer,91254.28,INR,136781.55,Cheque,Pending,BAN-2,Skin however space writer material arm cut.,Groceries,Williams PLC,Bangalore,33.52,True,ATM
a3fd44da-0eb7-4db7-abf3-59fcfef6c03c,IVJJ26597773381282,834ce124-188e-4833-97aa-d5078e896e52,2025-05-03 06:38:15,Deposit,82015.73,INR,18414.17,Card,Pending,BAN-2,Expert west during wife middle husband.,Utility,Lopez-Mendoza,Bangalore,111.46,False,Desktop
17f55ede-71b5-4bc4-86b6-95f3763952d4,EBOF56293165045567,4c2cf256-7396-4798-9a7c-5406c2604fb1,2025-05-03 11:47:28,Deposit,21187.79,INR,136901.39,Cash,Success,BAN-2,Candidate mention here.,Utility,"Hansen, Silva and Hamilton",Bangalore,228.29,False,POS
7943af11-7fd1-468b-8bb6-8f2e84f9bb13,LSKP56754351191768,99de25c9-5444-4394-856c-c7c0cd170edf,2025-05-04 09:00:43,Transfer,38943.14,INR,453626.04,Mobile,Pending,BAN-2,Myself phone structure local consider say generation.,Shopping,Schneider Group,Bangalore,85.94,False,POS
ae8e4772-39cf-402f-964d-f2c6135281cf,FTAA24781883224951,433a2f90-bb6d-4c86-8da7-16144353b137,2025-05-04 05:21:05,Withdrawal,33702.81,INR,37699.52,Card,Failed,BAN-2,Road many buy in process defense.,Salary,Cabrera-Williams,Bangalore,472.88,False,Mobile
adf38620-1ffc-408c-bc3a-b8f9f8441625,DOXE21488640286461,158234d9-2bad-41b8-a677-9e1792e13e7c,2025-05-06 14:52:08,Refund,94146.9,INR,40060.11,Cash,Pending,BAN-2,Number onto girl reason window.,Entertainment,Keller Ltd,Bangalore,137.01,False,Desktop
6c4160ef-913e-4e80-9bf3-24cdb5115d68,SVNS91488039419803,0ae0a94d-2e1c-4781-a2ac-21e34fa2cff2,2025-05-02 02:03:31,Withdrawal,6382.22,INR,350305.05,Online,Failed,BAN-2,Industry camera catch return tax no time tough.,Salary,"Gutierrez, Walker and Mejia",Bangalore,8.66,False,POS
5c6d8508-8b13-41be-b396-eb191b7c5770,STOI73558139701417,9ef18e47-32a0-4c02-8370-4e0ffbe6dbbd,2025-05-02 06:04:55,Payment,89992.86,INR,271183.85,Mobile,Failed,BAN-2,Pull talk agree after thought executive.,EMI,Barnes Group,Bangalore,17.14,False,Desktop
083256d2-f542-4814-9026-edf88d20d949,NKZS23133102182082,f70be1b8-047d-47a7-a6d7-de1abe0cbee3,2025-05-05 18:10:39,Transfer,36566.29,INR,110645.91,Mobile,Pending,BAN-2,Left concern better about kitchen eye.,Groceries,Vargas Group,Bangalore,435.09,False,POS
48c7dce2-765f-440a-9879-3434804a9844,UFGO32359122913165,4df7e10b-e769-4985-840c-b56276065794,2025-05-02 13:50:46,Withdrawal,66297.49,INR,497084.45,Cash,Success,BAN-2,Everything reach major media table really.,Salary,"Lopez, Benjamin and Acevedo",Bangalore,25.08,True,POS
1aeef6d4-1acf-42da-94a6-36162a869872,NSJP72054267339062,f8a7e9b9-2fe9-4b86-9a62-28caa3fc91e9,2025-05-04 18:39:22,Deposit,54973.2,INR,70750.37,Online,Pending,BAN-2,Improve realize six put improve candidate.,Groceries,Smith and Sons,Bangalore,310.76,True,ATM
5d9bfa31-4754-439c-98e4-51d656f0956d,TBLN83903924091088,a350b849-6c9a-4cf7-90bd-f4ec35e7f72f,2025-05-05 00:36:19,Transfer,18100.55,INR,127388.27,Cheque,Pending,BAN-2,Age state with important brother information game material.,EMI,"Mendez, Shelton and Graves",Bangalore,300.52,False,Mobile
2242c377-b5df-419e-915e-f6cbe91499b2,JMIE13901596875338,c4d506ba-ec66-49b8-bf22-ddb3c111c2dd,2025-05-01 08:53:40,Payment,67954.1,INR,420622.64,Cheque,Pending,BAN-2,By family run indicate bill.,Shopping,"Garcia, Green and Reyes",Bangalore,413.36,True,ATM
4bcac593-c649-4815-8e15-8b095d389555,MBYP79433099659667,5124a282-4cbd-49e9-830e-fca4057de0d2,2025-05-08 03:48:13,Deposit,38791.68,INR,453907.33,Card,Failed,BAN-2,Soldier state five conference.,Travel,"Anderson, Newman and Taylor",Bangalore,298.42,False,Desktop
3e8ec21a-d2f8-4501-a81e-2561707aac04,ZWHL51239373213912,a693dd5c-1871-4e2e-92a9-1bc7f437caf8,2025-05-05 02:35:36,Transfer,36568.86,INR,170295.7,Mobile,Failed,BAN-2,Good such organization black enjoy able age.,Shopping,Smith LLC,Bangalore,160.61,False,Desktop
0d378007-8f2d-44bc-a90c-da820f13727e,DVPQ38465849253436,9e74a237-6e4d-4ec9-a692-87680dc68bce,2025-05-05 08:09:12,Withdrawal,89050.04,INR,284635.35,Cash,Failed,BAN-2,Carry situation boy finish paper include still along.,Utility,Jackson Ltd,Bangalore,499.51,True,ATM
306b28c2-ab57-46f2-99a1-b58ecc3953ef,WCRM78992128849371,76ffda82-117d-4a7c-a3df-f4a39f56373f,2025-05-04 14:38:04,Refund,1486.45,INR,90197.22,Online,Pending,BAN-2,Themselves executive have develop.,Shopping,Thompson Group,Bangalore,109.98,True,POS
4e160b27-374e-40c7-a6dc-6480b5adbe86,EYQJ04807236561960,acd0b674-ec79-4c6a-b736-6b58d2d73de9,2025-05-04 02:26:26,Refund,49730.54,INR,186823.79,Online,Failed,BAN-2,Mother crime allow hour none join.,Shopping,"Garcia, Arnold and Brooks",Bangalore,214.95,True,Mobile
2ae17528-e5d6-4982-9dfc-f8999505e779,ICLG17249463364203,0f8431c6-bbb0-452b-a0ce-ee118028558f,2025-05-04 08:50:00,Deposit,39177.82,INR,349269.71,Cheque,Failed,BAN-2,Feeling identify prepare news people common glass half.,Groceries,Ward-Moore,Bangalore,461.89,False,POS
7c00bcad-5b8f-432c-80b2-73ef42764424,EAWJ41247887493859,c59f1cec-b4cd-4741-ae8b-5e54590939f1,2025-05-01 08:38:36,Withdrawal,21882.81,INR,310197.08,Mobile,Failed,BAN-2,Southern indicate officer I behavior.,EMI,Melton PLC,Bangalore,56.86,False,POS
d96f2046-762c-419b-96f5-93a4298f094f,SRQN07230218890465,be981c8a-c1aa-4a13-981d-f83ad185daea,2025-05-03 09:01:01,Deposit,3601.88,INR,123903.58,Card,Pending,BAN-2,Common pattern ability wall choice cold.,EMI,"Gomez, Shaffer and English",Bangalore,423.06,False,Desktop
ff5d2ae8-98fb-4891-9a99-47fd11cc85b2,CMJP72514560937652,b76898ed-4aa4-4952-8c9a-24d63e4a2eb5,2025-05-03 09:54:41,Payment,39166.97,INR,358458.47,Cheque,Failed,BAN-2,Entire indicate value campaign present president daughter.,Groceries,"Adams, Estes and Guerra",Bangalore,110.93,False,Mobile
bfd1a82f-0f5c-496a-99b1-7df099931875,PZOD99239741573206,09b6df46-b4a9-415a-baa8-c8d3f0c1935a,2025-05-05 15:21:45,Refund,9798.45,INR,41895.04,Card,Failed,BAN-2,Newspaper other expect writer.,Shopping,Long-Pena,Bangalore,386.45,False,POS
d39fa44a-5279-415a-b287-8fa9a7f72d62,QTDD59003716874431,b4d43d3f-84f6-472e-8c81-e09461837c64,2025-05-03 22:14:59,Refund,58663.52,INR,461770.91,Online,Failed,BAN-2,Government marriage debate all effort.,Groceries,Newton-Shaw,Bangalore,239.21,False,Mobile
4939183f-c264-480e-bc73-e3caa701aee7,MMWY27725804412961,d5d50899-1596-4aae-920f-92038dd757e2,2025-05-01 08:41:43,Transfer,79678.55,INR,85509.25,Cheque,Failed,BAN-2,Our support as just.,Shopping,"Yang, Kane and Murphy",Bangalore,174.25,True,POS
42042723-6c16-411c-9c4b-f9eb12d181c8,RYJI38198373909126,68cb1d3b-cc99-4566-827f-34a0818179b7,2025-05-03 04:24:47,Transfer,55008.72,INR,412943.39,Mobile,Failed,BAN-2,Thus by sort beyond growth church.,Entertainment,"Adams, Rangel and Sosa",Bangalore,462.22,True,POS
74b9888e-2f2b-4807-aa9a-6c514be87964,YCKS48441467326491,50ce849d-80f2-4f9a-b7a0-5f17aba4e30c,2025-05-04 01:00:55,Withdrawal,24096.91,INR,339625.94,Card,Success,BAN-2,Important happen return across change.,Salary,Franklin Inc,Bangalore,299.94,False,Mobile
88f30488-5e9d-41fc-8bfa-44c4a79436d5,CVXE55403633886758,c45014e1-d520-4169-a157-875a1778003e,2025-05-06 19:32:21,Deposit,35927.62,INR,135911.2,Cheque,Pending,BAN-2,Decide way treatment simply newspaper.,Entertainment,Thomas and Sons,Bangalore,442.32,True,Mobile
aa6d1fef-cefd-411e-93a6-381f68ca9214,MCGO57800490312561,38ee2f3c-769a-4108-8786-6088a1a14a32,2025-05-02 08:16:45,Refund,35189.99,INR,173485.65,Cash,Failed,BAN-2,Conference raise behavior event story rise.,Groceries,"Snyder, Howard and Meyers",Bangalore,369.04,False,Desktop
c5347eab-fc20-475f-98a9-2993b757e475,RXEU62319648925607,47e41521-9957-4ec6-bd91-68b1be68ec1a,2025-05-07 12:24:45,Payment,80884.81,INR,204557.88,Card,Failed,BAN-2,Themselves other book administration under become.,Utility,Contreras Group,Bangalore,172.19,True,Mobile
3b8becd7-762c-4816-8bcb-543ecd0fabbe,FLKN27817526461598,5424be98-afc9-4ac1-a455-a97fb91dabb6,2025-05-05 13:05:20,Transfer,29656.24,INR,62494.8,Mobile,Pending,BAN-2,Themselves decide service culture see attorney four activity.,Travel,"Allen, Mora and Crawford",Bangalore,16.53,True,Desktop
17980688-ada7-432b-b04e-00b4990252b4,UEFJ74697347298276,c6b4d52d-d836-4d3d-bc30-6110a3f969ed,2025-05-03 00:04:48,Refund,64967.54,INR,388069.51,Online,Failed,BAN-2,Car carry fight tough.,Shopping,"Mcintyre, Khan and Gutierrez",Bangalore,6.72,False,Desktop
5a895334-249b-4398-a50d-a1c1e30882d3,BOQW98569639297477,ae98fbea-7b8e-48e3-89fb-65e627f8aacf,2025-05-01 09:16:45,Withdrawal,3993.7,INR,328455.77,Cheque,Pending,BAN-2,Name thank staff lay.,Travel,Anderson PLC,Bangalore,67.27,True,Desktop
8c8f0836-8bf3-4b35-9b51-af8659570e53,TORA07409051640615,436057b9-6320-4e30-834a-e73a3b632aec,2025-05-02 01:57:08,Deposit,69146.9,INR,146674.34,Cash,Failed,BAN-2,Never person reality while only reduce require.,Travel,Terry LLC,Bangalore,2.57,True,POS
f0ae7dfc-43cf-44ea-a442-3d1af6598a74,ADQP92575054513227,df3f2f1c-8d8f-4823-a9e6-d4920c6382f3,2025-05-04 17:35:35,Deposit,98956.68,INR,343621.75,Cheque,Success,BAN-2,Region term war understand build manage reveal.,Entertainment,Wright-Reed,Bangalore,230.37,False,Mobile
95828b44-e5b8-4806-abf6-7d97b2f1acf5,WUQZ39838360484424,52fdee40-10e8-47a2-be58-dad303c23587,2025-05-07 07:31:12,Refund,82507.02,INR,423948.68,Cheque,Pending,BAN-2,Once hair study number every modern.,EMI,Johnson-Marshall,Bangalore,289.59,False,Desktop
4ceb1564-8166-4bd9-ba3a-8b26b488469b,AYTQ27994230219710,adf97576-3215-4a9a-9f7a-eb2404d1d68a,2025-05-02 17:15:33,Withdrawal,90111.37,INR,200522.49,Online,Pending,BAN-2,Data better movie most source.,Groceries,Rogers Group,Bangalore,398.21,True,Mobile
b2b6a018-291b-4850-bbfc-e7ca3d07f709,JLNV73621707603327,9c1950f9-82a5-436b-bd70-00322c64179a,2025-05-03 09:21:57,Transfer,67317.4,INR,3062.88,Cheque,Success,BAN-2,Similar side ability meet see send.,Salary,"Anderson, Jackson and Johns",Bangalore,333.03,True,Desktop
3c62f095-c05a-4eab-b6fc-db61390a2f71,GZFU74643014085891,20902912-cfcb-47d6-ab0d-3fa9f7513b9c,2025-05-07 06:27:58,Transfer,80330.34,INR,264614.87,Cash,Failed,BAN-2,Relate certain administration why each.,Salary,Rodriguez-Gross,Bangalore,43.48,False,Desktop
4ac20f09-0cb4-4842-977d-8924ae23f801,IXMT05346370577081,02a394ea-ac54-454b-ad1f-574498ed8dc4,2025-05-03 00:26:34,Deposit,24866.02,INR,392212.91,Card,Success,BAN-2,Production yourself tax four.,Salary,Hood-Herrera,Bangalore,95.5,False,ATM
f6ec9fdd-9066-4c25-a540-b238c117a684,XPJD25792125706973,93055220-8c72-4154-99fa-3bdb01d312ac,2025-05-02 10:08:57,Deposit,70752.45,INR,331811.56,Mobile,Failed,BAN-2,About employee catch professional.,Travel,Luna LLC,Bangalore,238.77,True,ATM
440ccc6c-68e1-43bc-848f-d34d039096f4,IARE66276677741980,9b2291ba-a5e5-4e5f-9970-dc21172f243a,2025-05-06 20:42:36,Withdrawal,66192.37,INR,247169.71,Online,Failed,BAN-2,Course instead traditional west cause focus since.,Utility,Watson LLC,Bangalore,402.28,True,Mobile
